"","income","internet_access","frequency","sample_size"
"1","Less than $10,000","Yes",0.477616072134778,25286
"2","Less than $15,000","Yes",0.476621474443234,26627
"3","Less than $20,000","Yes",0.542503462603878,34656
"4","Less than $25,000","Yes",0.6324675011456,41463
"5","Less than $35,000","Yes",0.707893599950626,48609
"6","Less than $50,000","Yes",0.817473667020495,61235
"7","Less than $75,000","Yes",0.906619458128079,64960
"8","$75,000 or more","Yes",0.959429834062649,115405
